init_pool,cer_iter0,cer_iter1,cer_iter2,cer_iter3
10,2.0542825644509635,2.223248962364904,2.2553138778985824,2.7832496801952686
20,1.527883365125488,1.770891317896833,1.55810949612934,1.7066103084170745
30,1.903153822268139,1.6161995914997602,2.222982615905511,1.1788149430851416
40,1.7762678436805237,1.6462376458730892,1.4118381228516992,1.78048146375258
50,1.3211065264744857,2.265255757160268,1.940835535077292,1.715134748215995
