init_pool,cer_iter0,cer_iter1,cer_iter2,cer_iter3
10,0.9408474977034104,1.3324494450354012,0.9220688990714628,1.3734254274580453
20,1.0150450546216552,1.145780232337582,0.8712453214086263,0.6101508075962809
30,0.8826033302573764,0.7256484135162566,0.5795816465877968,0.4454299308799426
40,0.6626369789626255,0.4188159611360327,0.5064673947609695,0.3990846690663094
50,0.4624714016718567,0.3809747323260546,0.3647254200102235,0.315068067941587
