init_pool,cer_iter0,cer_iter1,cer_iter2,cer_iter3
10,1.4441553853331623,0.3718595746163383,0.3043734706095404,0.2574000335828205
30,0.096257204125963,0.0964736091231593,0.0951236159498405,0.0897200467274793
50,0.0834280967418665,0.0889351862845065,0.0808085614611589,0.0824623423891846
70,0.0745794848432811,0.0808662433837807,0.0765081245593807,0.0756822557735324
