init_pool,cer_iter0,cer_iter1,cer_iter2,cer_iter3
10,0.1421581866366477,0.1283252480864161,0.1066066453049421,0.0956000408523569
30,0.0588367470652549,0.0491907395043931,0.0487080254144975,0.0489539132196605
50,0.0553820044445155,0.0473395660305663,0.0435381067946775,0.0565989521229624
70,0.0492177468708757,0.0431246820274473,0.0413056394385019,0.0398293157951234
