init_pool,cer_iter0,cer_iter1,cer_iter2,cer_iter3
10,0.292557705886902,0.1635687083845864,0.1401555147360006,0.1229778608528057
20,0.0710070887603162,0.073806423927939,0.0706035437498078,0.0685861958598475
30,0.0730384726929003,0.0598820920107446,0.0606913588601766,0.0577848995391358
40,0.0599181348770042,0.065432202021973,0.0610706250125088,0.0555576060284449
50,0.0616667290170027,0.0572749887377865,0.0553444830482532,0.0595491950024664
60,3.028303375405708,,,
70,0.0517651833429167,0.055277244427537,0.0527089340872167,0.0514286036587858
