init_pool,cer_iter0,cer_iter1,cer_iter2,cer_iter3
10,1.077947907432344,1.4186025310369528,1.0721596124145238,1.5874987268488756
20,1.0347010883219716,1.1882224176246854,0.9417710246078704,0.7503099941913276
30,1.0361727990378558,0.8019591125947284,0.8165042135630958,0.5555610252310508
40,0.8190700130227105,0.5950220604768448,0.5929327213522643,0.6036962329467439
50,0.5833085416620551,0.5894092509233295,0.5289143055864183,0.4615448680125461
